"urlPattern","method","time","status","AppName","TrackingId"
"https://api.zoom.us/v2/users/me/meetings","POST","2025-07-04 09:51:28","201","MyZoomOAuthApp","v=2.0;clid=us05;rid=WEB_cb6bd50ac03d9fb35f07f9393dfcc5d7"
"https://api.zoom.us/v2/users/me/meetings","POST","2025-07-04 09:51:28","201","MyZoomOAuthApp","v=2.0;clid=us05;rid=WEB_da1328bd0660c6d6be095b4ac2d6f9fa"
"https://api.zoom.us/v2/users/me/meetings","POST","2025-07-04 09:03:10","201","MyZoomOAuthApp","v=2.0;clid=us05;rid=WEB_6bd4e785b2eb331861689f8c2cd14d67"
"https://api.zoom.us/v2/users/me/meetings","POST","2025-07-04 08:23:38","201","MyZoomOAuthApp","v=2.0;clid=us05;rid=WEB_b0c87673f6d1f20187d78b3b6f8d47c3"
"https://api.zoom.us/v2/users/me/meetings","POST","2025-07-04 05:30:44","201","MyZoomOAuthApp","v=2.0;clid=us05;rid=WEB_7fac6b5c09847f9fccaabf18c3a15d5d"
"https://api.zoom.us/v2/users/me/meetings","POST","2025-07-04 04:56:19","201","MyZoomOAuthApp","v=2.0;clid=us05;rid=WEB_63b94ad604654ea7c89da341157fbfd4"
"https://api.zoom.us/v2/users/me/meetings","POST","2025-07-04 04:54:56","201","MyZoomOAuthApp","v=2.0;clid=us05;rid=WEB_49b423cd3872a0bf1b5b2fc5f2ea2bb9"
"https://api.zoom.us/v2/users/me/meetings","POST","2025-07-04 04:54:19","201","MyZoomOAuthApp","v=2.0;clid=us05;rid=WEB_269d6ca42927d895f2429c24dbf95bc7"
"https://api.zoom.us/v2/users/me/meetings","POST","2025-07-04 04:53:31","201","MyZoomOAuthApp","v=2.0;clid=us05;rid=WEB_6183a2ca8619eb4271d1da5dcfa955f5"
"https://api.zoom.us/v2/users/me/meetings","POST","2025-07-04 04:53:25","201","MyZoomOAuthApp","v=2.0;clid=us05;rid=WEB_e4f7810c1f93db6e0d4766a6afaec43f"
"https://api.zoom.us/v2/users/me/meetings","POST","2025-07-03 16:22:33","201","MyZoomOAuthApp","v=2.0;clid=us05;rid=WEB_f035d8231aa18769a593810d5e68d0da"
"https://api.zoom.us/v2/users/me/meetings","POST","2025-07-03 16:11:03","201","MyZoomOAuthApp","v=2.0;clid=us05;rid=WEB_abbc829706ec4b95b1b85d7a29d61747"
"https://api.zoom.us/v2/users/me/meetings","POST","2025-07-03 16:10:46","201","MyZoomOAuthApp","v=2.0;clid=us05;rid=WEB_93fe356dc863a31da5717c2cd450bb4b"
"https://api.zoom.us/v2/users/me/meetings","POST","2025-07-03 16:09:07","201","MyZoomOAuthApp","v=2.0;clid=us05;rid=WEB_8283aa5cb0e32fb1daf24bf6d9a1ada6"
"https://api.zoom.us/v2/users/me/meetings","POST","2025-07-03 16:06:48","201","MyZoomOAuthApp","v=2.0;clid=us05;rid=WEB_4eff614c806d236e94af8652b836cfd7"
"https://api.zoom.us/v2/users/me/meetings","POST","2025-07-03 16:04:45","201","MyZoomOAuthApp","v=2.0;clid=us05;rid=WEB_6d8450cf0e6ad299ad454f2dbc8a0810"
"https://api.zoom.us/v2/users/me/meetings","POST","2025-07-03 16:02:49","201","MyZoomOAuthApp","v=2.0;clid=us05;rid=WEB_7afaed4671c53c5bfc21922f0e0e60ee"
"https://api.zoom.us/v2/users/me/meetings","POST","2025-07-03 16:02:40","201","MyZoomOAuthApp","v=2.0;clid=us05;rid=WEB_cccc3a3ff64f91d0ef56a01f9a48f846"
"https://api.zoom.us/v2/users/me/meetings","POST","2025-07-03 16:02:30","201","MyZoomOAuthApp","v=2.0;clid=us05;rid=WEB_b5956b125f438fdd1864120a06103bdd"
"https://api.zoom.us/v2/users/me/meetings","POST","2025-07-03 16:00:42","201","MyZoomOAuthApp","v=2.0;clid=us05;rid=WEB_5e854edb1cd9a5a409552b6c1296d966"
"https://api.zoom.us/v2/users/me/meetings","POST","2025-07-03 16:00:38","201","MyZoomOAuthApp","v=2.0;clid=us05;rid=WEB_cf3c8753b962a533ca403b07b25b9af2"
"https://api.zoom.us/v2/users/me/meetings","POST","2025-07-03 15:59:31","201","MyZoomOAuthApp","v=2.0;clid=us05;rid=WEB_5425d355e95c4b4cc8f66809c360a56b"
"https://api.zoom.us/v2/users/me/meetings","POST","2025-07-03 15:59:21","201","MyZoomOAuthApp","v=2.0;clid=us05;rid=WEB_68e97844c0e64016a873f44be2d372e8"
"https://api.zoom.us/v2/users/me/meetings","POST","2025-07-03 15:58:18","201","MyZoomOAuthApp","v=2.0;clid=us05;rid=WEB_ca1c6dd04b52e4c9551a7df9e3d97d4f"
"https://api.zoom.us/v2/users/me/meetings","POST","2025-07-03 15:58:18","201","MyZoomOAuthApp","v=2.0;clid=us05;rid=WEB_ec6297e2ad8d941b33796c37139f0521"
"https://api.zoom.us/v2/users/me/meetings","POST","2025-07-03 15:58:17","201","MyZoomOAuthApp","v=2.0;clid=us05;rid=WEB_09728216473e68af2cd716875ec6df2d"
"https://api.zoom.us/v2/users/me/meetings","POST","2025-07-03 15:58:09","201","MyZoomOAuthApp","v=2.0;clid=us05;rid=WEB_e8eec4506980fad571fd444d39f28174"
"https://api.zoom.us/v2/users/me/meetings","POST","2025-07-03 15:58:06","201","MyZoomOAuthApp","v=2.0;clid=us05;rid=WEB_103dd43c6b26681a897652a44edc3974"
"https://api.zoom.us/v2/users/me/meetings","POST","2025-07-03 15:53:56","201","MyZoomOAuthApp","v=2.0;clid=us05;rid=WEB_957eb8ec7d5f8f299b2ee8f4e824fa78"
"https://api.zoom.us/v2/users/me/meetings","POST","2025-07-03 15:53:52","201","MyZoomOAuthApp","v=2.0;clid=us05;rid=WEB_281086cf58cf31a97a9959efda1185bb"
"https://api.zoom.us/v2/users/me/meetings","POST","2025-07-03 15:52:49","201","MyZoomOAuthApp","v=2.0;clid=us05;rid=WEB_cfffdd7cec8fea2b5da2bee3156b80de"
"https://api.zoom.us/v2/users/me/meetings","POST","2025-07-03 15:52:47","201","MyZoomOAuthApp","v=2.0;clid=us05;rid=WEB_db2eac7dcd629e7abd87dabe845ef8b8"
"https://api.zoom.us/v2/users/me/meetings","POST","2025-07-03 15:52:44","201","MyZoomOAuthApp","v=2.0;clid=us05;rid=WEB_b62dda964c5ed784008a2e12cb1f9489"
"https://api.zoom.us/v2/users/me/meetings","POST","2025-07-03 15:52:41","201","MyZoomOAuthApp","v=2.0;clid=us05;rid=WEB_2b61cf96130f244076a4ffb6b926d191"
"https://api.zoom.us/v2/users/me/meetings","POST","2025-07-03 15:52:39","201","MyZoomOAuthApp","v=2.0;clid=us05;rid=WEB_8b18863ca091f28c6fdcb172dab72674"
"https://api.zoom.us/v2/users/me/meetings","POST","2025-07-03 15:52:12","201","MyZoomOAuthApp","v=2.0;clid=us05;rid=WEB_702dacb57a5f89d8648f1be68cce4f5f"
"https://api.zoom.us/v2/users/me/meetings","POST","2025-07-03 15:52:11","201","MyZoomOAuthApp","v=2.0;clid=us05;rid=WEB_5bf8ca7fcca7bf59208d4677910567d3"
"https://api.zoom.us/v2/users/me/meetings","POST","2025-07-03 15:51:53","201","MyZoomOAuthApp","v=2.0;clid=us05;rid=WEB_f5154f12c13f64e10f6aef197032ecb6"
"https://api.zoom.us/v2/users/me/meetings","POST","2025-07-03 15:51:49","201","MyZoomOAuthApp","v=2.0;clid=us05;rid=WEB_a7d155b14372db0124fb3e5ccd36514e"
"https://api.zoom.us/v2/users/me/meetings","POST","2025-07-03 15:51:37","201","MyZoomOAuthApp","v=2.0;clid=us05;rid=WEB_546c5b59c38f351745e1c031a244ccde"
"https://api.zoom.us/v2/users/me/meetings","POST","2025-07-03 15:50:40","201","MyZoomOAuthApp","v=2.0;clid=us05;rid=WEB_07fc5664070fac431e71008f49cc8aaf"
"https://api.zoom.us/v2/users/me/meetings","POST","2025-07-03 13:23:53","201","MyZoomOAuthApp","v=2.0;clid=us05;rid=WEB_2c669a1b5b3b6f0a7fefc46695604a81"
"https://api.zoom.us/v2/users/me/meetings","POST","2025-07-03 13:18:51","201","MyZoomOAuthApp","v=2.0;clid=us05;rid=WEB_c46a0690acd60ffda3db0be3f82a4b25"
"https://api.zoom.us/v2/users/me/meetings","POST","2025-07-03 13:15:38","201","MyZoomOAuthApp","v=2.0;clid=us05;rid=WEB_f13857ce3c94e170386d615d0c14944d"
"https://api.zoom.us/v2/users/me/meetings","POST","2025-07-03 13:13:51","201","MyZoomOAuthApp","v=2.0;clid=us05;rid=WEB_35ff4633a5813e0a66d635dcdc69d6ca"
"https://api.zoom.us/v2/users/me/meetings","POST","2025-07-03 13:13:50","201","MyZoomOAuthApp","v=2.0;clid=us05;rid=WEB_6af7365cbfa54ab20f12469a1cb0f182"
"https://api.zoom.us/v2/users/me/meetings","POST","2025-07-03 13:13:48","201","MyZoomOAuthApp","v=2.0;clid=us05;rid=WEB_643c126b47c436ca463a8c3c6edc96c0"
"https://api.zoom.us/v2/users/me/meetings","POST","2025-07-03 13:13:45","201","MyZoomOAuthApp","v=2.0;clid=us05;rid=WEB_af1e26a04540557ba5e4c8c2688270b7"
"https://api.zoom.us/v2/users/me/meetings","POST","2025-07-03 13:13:38","201","MyZoomOAuthApp","v=2.0;clid=us05;rid=WEB_8a8dbbb2736aaf55d21ab68360fbbd52"
"https://api.zoom.us/v2/users/me/meetings","POST","2025-07-03 13:06:21","201","MyZoomOAuthApp","v=2.0;clid=us05;rid=WEB_2ef4b2360fab70870ec7f7d8ae994bf2"
"https://api.zoom.us/v2/users/me/meetings","POST","2025-07-03 13:02:36","201","MyZoomOAuthApp","v=2.0;clid=us05;rid=WEB_d84b39156b2d9a6acd767eb3cc913ba4"
"https://api.zoom.us/v2/users/me/meetings","POST","2025-07-03 12:42:43","201","MyZoomOAuthApp","v=2.0;clid=us05;rid=WEB_a8623e0f79eb2b16fcf603e3f494d21a"
"https://api.zoom.us/v2/users/me/meetings","POST","2025-07-03 12:42:42","201","MyZoomOAuthApp","v=2.0;clid=us05;rid=WEB_08ff4448acd77cbfa6486731e0d6bc47"
"https://api.zoom.us/v2/users/me/meetings","POST","2025-07-03 12:36:58","201","MyZoomOAuthApp","v=2.0;clid=us05;rid=WEB_4014749d26ff66f6e9ebf0268b2f2f97"
"https://api.zoom.us/v2/users/me/meetings","POST","2025-07-03 12:18:09","201","MyZoomOAuthApp","v=2.0;clid=us05;rid=WEB_52d244e15998a797fce91e1df8ac13a1"
"https://api.zoom.us/v2/users/me/meetings","POST","2025-07-03 12:09:58","201","MyZoomOAuthApp","v=2.0;clid=us05;rid=WEB_7bc0b0fc69f7922b284b5bb57481b63b"
"https://api.zoom.us/v2/users/me/meetings","POST","2025-07-03 12:09:50","201","MyZoomOAuthApp","v=2.0;clid=us05;rid=WEB_6c275bcf40b6f36b9753d9566c1fab2a"
"https://api.zoom.us/v2/users/me/meetings","POST","2025-07-03 12:09:36","201","MyZoomOAuthApp","v=2.0;clid=us05;rid=WEB_38d38702166e6d8a33e65be2fbf49eb1"
"https://api.zoom.us/v2/users/me/meetings","POST","2025-07-03 12:08:25","201","MyZoomOAuthApp","v=2.0;clid=us05;rid=WEB_9e33cd2bf3bc7a8758071ad62e3c7f06"
"https://api.zoom.us/v2/users/me/meetings","POST","2025-07-03 12:08:24","201","MyZoomOAuthApp","v=2.0;clid=us05;rid=WEB_f441c70f89ff190c13fcf20d9d8e50db"
"https://api.zoom.us/v2/users/me/meetings","POST","2025-07-03 12:08:22","201","MyZoomOAuthApp","v=2.0;clid=us05;rid=WEB_068fbbefa4796b8f1e3e74d0a71fc724"
"https://api.zoom.us/v2/users/me/meetings","POST","2025-07-03 12:08:07","201","MyZoomOAuthApp","v=2.0;clid=us05;rid=WEB_4e8d4aa30fe2d3585bb4903aa0386dec"
"https://api.zoom.us/v2/users/me/meetings","POST","2025-07-03 12:08:05","201","MyZoomOAuthApp","v=2.0;clid=us05;rid=WEB_e7b94c18402d7614889b13ddbd300f16"
"https://api.zoom.us/v2/users/me/meetings","POST","2025-07-03 12:04:49","201","MyZoomOAuthApp","v=2.0;clid=us05;rid=WEB_b5ec52ba2f5b98760f0870397915b496"
"https://api.zoom.us/v2/users/me/meetings","POST","2025-07-03 12:03:10","201","MyZoomOAuthApp","v=2.0;clid=us05;rid=WEB_3a4f65a2ec5ce1df2b0e12878e997044"
"https://api.zoom.us/v2/users/me/meetings","POST","2025-07-03 12:03:09","201","MyZoomOAuthApp","v=2.0;clid=us05;rid=WEB_55e36a75becdf97c4f34690b2e9bb04c"
"https://api.zoom.us/v2/users/me/meetings","POST","2025-07-03 12:03:07","201","MyZoomOAuthApp","v=2.0;clid=us05;rid=WEB_e4e72b67571860ea829722d71bbc0ea1"
"https://api.zoom.us/v2/users/me/meetings","POST","2025-07-03 12:03:06","201","MyZoomOAuthApp","v=2.0;clid=us05;rid=WEB_9acd8a3888866c68b64d447fe033d264"
"https://api.zoom.us/v2/users/me/meetings","POST","2025-07-03 12:03:02","201","MyZoomOAuthApp","v=2.0;clid=us05;rid=WEB_33faf0a17506b7a7ea6f6e533d9f927c"
"https://api.zoom.us/v2/users/me/meetings","POST","2025-07-03 12:01:27","201","MyZoomOAuthApp","v=2.0;clid=us05;rid=WEB_6e6d94dc5e293f92c8241627ac881c25"
"https://api.zoom.us/v2/users/me/meetings","POST","2025-07-03 12:01:26","201","MyZoomOAuthApp","v=2.0;clid=us05;rid=WEB_b180cc6807818af5c6f88761c4216253"
"https://api.zoom.us/v2/users/me/meetings","POST","2025-07-03 12:01:24","201","MyZoomOAuthApp","v=2.0;clid=us05;rid=WEB_b1ebb10298d07fa6ccb69feb3bc170d8"
"https://api.zoom.us/v2/users/me/meetings","POST","2025-07-03 12:01:22","201","MyZoomOAuthApp","v=2.0;clid=us05;rid=WEB_27461bc6350047c8cd6eec9d9160557b"
"https://api.zoom.us/v2/users/me/meetings","POST","2025-07-03 12:01:19","201","MyZoomOAuthApp","v=2.0;clid=us05;rid=WEB_7fb92e3ac1d8c0ceb98ba91d110eac87"
"https://api.zoom.us/v2/users/me/meetings","POST","2025-07-03 11:59:34","201","MyZoomOAuthApp","v=2.0;clid=us05;rid=WEB_f1417e863928ee64db90b8dbd07a8e0f"
"https://api.zoom.us/v2/users/me/meetings","POST","2025-07-03 11:59:33","201","MyZoomOAuthApp","v=2.0;clid=us05;rid=WEB_8e0190b73798d99b85be11afadbfb5e2"
"https://api.zoom.us/v2/users/me/meetings","POST","2025-07-03 11:59:31","201","MyZoomOAuthApp","v=2.0;clid=us05;rid=WEB_a5ecd6702cd1d27a2ce88b11c4cc29e2"
"https://api.zoom.us/v2/users/me/meetings","POST","2025-07-03 11:59:30","201","MyZoomOAuthApp","v=2.0;clid=us05;rid=WEB_73ec3e0992408d9704b17f0ea71ee49c"
"https://api.zoom.us/v2/users/me/meetings","POST","2025-07-03 11:59:25","201","MyZoomOAuthApp","v=2.0;clid=us05;rid=WEB_50c20ce998cbaca73804ae83bfed0e88"
"https://api.zoom.us/v2/users/me/meetings","POST","2025-07-03 11:54:44","201","MyZoomOAuthApp","v=2.0;clid=us05;rid=WEB_621eec993772c8c75181340df410a46e"
"https://api.zoom.us/v2/users/me/meetings","POST","2025-07-03 11:54:16","201","MyZoomOAuthApp","v=2.0;clid=us05;rid=WEB_baffc2d2bb6330da45dfc2ee9621c59c"
"https://api.zoom.us/v2/users/me/meetings","POST","2025-07-03 11:53:34","201","MyZoomOAuthApp","v=2.0;clid=us05;rid=WEB_e448e252e4e3ab4759777633d5089011"
"https://api.zoom.us/v2/users/me/meetings","POST","2025-07-03 11:53:31","201","MyZoomOAuthApp","v=2.0;clid=us05;rid=WEB_e4447735ff65800c02f4d83dee4c51b4"
"https://api.zoom.us/v2/users/me/meetings","POST","2025-07-03 11:53:24","201","MyZoomOAuthApp","v=2.0;clid=us05;rid=WEB_c4b42a097cf13d11b8bfaa3480238509"
"https://api.zoom.us/v2/users/me/meetings","POST","2025-07-03 11:52:13","201","MyZoomOAuthApp","v=2.0;clid=us05;rid=WEB_c48d560a0df7fbb60b361f77ab9c642e"
"https://api.zoom.us/v2/users/me/meetings","POST","2025-07-03 11:51:25","201","MyZoomOAuthApp","v=2.0;clid=us05;rid=WEB_e46f0e7a50fd465ff3aeadcbebc3d9bb"
"https://api.zoom.us/v2/users/me/meetings","POST","2025-07-03 11:48:40","201","MyZoomOAuthApp","v=2.0;clid=us05;rid=WEB_85dcbe97f3bd565056d86f453b4e233b"
"https://api.zoom.us/v2/users/me/meetings","POST","2025-07-03 11:48:02","201","MyZoomOAuthApp","v=2.0;clid=us05;rid=WEB_ee8d3cf529f92f040bb467d5264c4d22"
"https://api.zoom.us/v2/users/me/meetings","POST","2025-07-03 11:43:31","201","MyZoomOAuthApp","v=2.0;clid=us05;rid=WEB_017e5eaf868277ee071d9e13fe9c4124"
"https://api.zoom.us/v2/users/me/meetings","POST","2025-07-03 11:41:54","201","MyZoomOAuthApp","v=2.0;clid=us05;rid=WEB_11cce3a9f5a388882529f396739af8bb"
"https://api.zoom.us/v2/users/me/meetings","POST","2025-07-03 11:40:27","201","MyZoomOAuthApp","v=2.0;clid=us05;rid=WEB_d5bb9d142104e3c72a592615f54f2053"
"https://api.zoom.us/v2/users/me/meetings","POST","2025-07-03 11:37:51","201","MyZoomOAuthApp","v=2.0;clid=us05;rid=WEB_f54f67732c8a9bb68da30ced96e4ed6e"
"https://api.zoom.us/v2/users/me/meetings","POST","2025-07-03 10:31:11","201","MyZoomOAuthApp","v=2.0;clid=us05;rid=WEB_d8834d6f33e0e92d16f5d6956775b4cd"
"https://api.zoom.us/v2/users/me/meetings","POST","2025-07-03 10:21:40","201","MyZoomOAuthApp","v=2.0;clid=us05;rid=WEB_7473db47a4b8909a1379cb5b6859d158"
"https://api.zoom.us/v2/users/me/meetings","POST","2025-07-03 10:11:27","201","MyZoomOAuthApp","v=2.0;clid=us05;rid=WEB_1f093a2df97900f2732b917b97e81445"
